trading_day,US_LargeCap,US_SmallCap,Tech_Growth,EU_Equity,EM_Equity,US_Treas_10Y,US_Corp_Credit,Commodities,Gold,Real_Estate
1,0.00906651787436419,-0.0012486036633298486,0.006274376508154222,-0.003781796323399806,-0.01458450519258169,-0.001065901549100087,-0.004251850349691457,-0.014468841780770103,-0.012426148029275604,-0.016505211539422616
2,0.016767527829909413,-9.489805826445847e-4,0.029378204595153723,0.008703810285094985,0.016444779933005402,0.009154768252322594,0.007125184938230388,0.017228038678599514,0.007483232999087327,0.01465146237076619
3,0.0165276663041683,0.026753445399061354,0.03406460835777607,0.007582830846869886,0.04105148645678685,-0.002631569333465356,-4.6028627617267795e-4,-0.015567802779705046,0.008799043847910533,0.02235974302960556
4,0.005818572264762414,0.014615473641958957,0.006513457141424313,0.0020947448322444187,-6.277415942475542e-4,-0.0016788221832133659,0.002695766708978781,0.013737971348544976,-0.0031729842503830873,-0.004785441864147377
5,0.017013031547064853,0.010734576236833859,0.01575521421276868,0.017143044995973366,0.013181367129246427,-0.007294031807584996,-0.0029279893984432937,-2.2747889935879662e-4,0.011927898011026257,0.005245023041752557
6,-0.0032902785591007932,-0.00960329820475188,-0.0034796684464185133,-0.004844651934729736,-0.006351552195372792,0.005895205970231984,0.0041730465291467825,-0.008139787028128042,-0.009899962249079622,-0.008625253588575067
7,0.008049777425129905,0.018215930475129986,0.027775030487800282,0.011692151669446729,0.015769947647969976,-7.460778404655551e-4,0.003580946489678178,0.012564224907253766,-0.020853505077707238,0.015022943619481385
8,-0.005053169926283416,0.012954492873096978,-1.1170335952916165e-5,-0.0075616854854127285,0.006940526395181347,-0.011681997483983003,-0.010554296189778238,-0.010190198644986088,-0.004647857694505848,-0.010903806580042913
9,0.010993529758780542,0.01378401045253097,0.018386043029117744,0.00941395517595412,0.020893652244333878,-0.004630509359061884,0.009870166686457012,-0.0012766261907878633,-0.01174177955144346,0.0021862986470730845
10,-0.016000971692875388,-0.0012402627376690697,-0.015934117898192036,-0.016996891378340245,-0.0179943699006964,-0.0037957157573369716,-0.006508770136655805,-0.017230662346680213,0.0023585916173987725,-0.007653420894910756
11,-0.017975505931591505,-0.008733097515538987,-0.01667715988704583,0.0025002684934021754,-0.019525833648902337,6.248643703304094e-4,-0.004939238584211301,0.005347809194124931,-0.008654223080697125,6.67300667904225e-4
12,0.009810096925898966,0.01592083865401933,0.009426119200878597,0.00822582441860707,0.0071222954409749665,-0.0035766374097935725,1.1595961554098245e-4,0.007428942349352031,0.02171759061848743,0.0029153604440256115
13,0.007582734693835039,0.005505157056377596,0.006454673756449758,-0.00936771180237419,0.005470995689802921,0.001440008043974504,-1.651500490075924e-4,0.03294195348146938,0.005899002290910309,0.0115646153412762
14,0.006119050080306203,0.02673564555113605,0.02102551497290425,-0.0015944012637236992,0.015841096533540686,-1.371332518240973e-4,9.940289191440715e-4,-0.016407697922712863,-0.004455801539333575,-6.037641270707998e-4
15,-0.0026854228839128568,-0.015107134893142417,-0.008814395475750763,-0.013574678891229099,-0.022167225964977777,0.004532315186962711,-0.007394289365127983,0.005913001856175991,0.009335306203110433,0.01891449197830752
16,-0.0033813552237834522,-0.00609029066936348,-0.0019896224642309114,-0.012033934375224072,0.022518020759673085,0.0015137884048752623,0.008039481035903176,-0.0037327190739882697,-0.004632282419198935,-0.018474526370595618
17,0.007670019965300258,-7.416081679388577e-4,0.014960091191015205,0.012163067293568204,0.0030709642859807363,0.0024260915303099414,0.005098439222723588,0.008200213573748156,0.016380535732697144,0.006351146009768211
18,-0.004998980793875962,-0.010575006444370793,0.006894971104883792,-0.015939931442590465,0.0019075308995180095,0.0022615030940845364,0.004749193006048546,-0.010135501466101933,0.017612192783488797,0.009450414743251995
19,0.03397698495031377,0.021689868112645037,0.03995502750377414,0.01309745141025245,7.44114642001551e-5,6.533921928845451e-5,0.008975210332440446,-8.936098206054807e-4,0.006769180153914987,0.005786976173056617
20,0.007120780874717281,0.015199968031444279,0.023870735660550615,0.010602017924067056,0.005421801352842762,-9.541714824464768e-4,0.0036667041439862945,-0.001646019210696439,-0.007913125936333325,0.007728083628725712
21,0.015691919077707516,0.0015253147904589594,0.004031005930461861,8.95834226891889e-4,0.010201684489201888,0.002945137550308632,0.0037486259121080247,-0.0012127736165865204,0.004040292917475819,-0.008899705759638912
22,0.006061100119675492,0.005766209677597451,-0.01558332765497264,-0.005123693483942711,-0.0015773006312219608,0.005036639807228211,0.0030199752731426078,0.020650107452910554,-0.012246695789999158,4.0779920455926176e-4
23,0.004075834142384863,0.006264191335002142,0.013253349471993083,-0.005416397252802525,-0.019357173917037077,0.004527764534577172,-0.002342206407404012,5.991941485281828e-4,6.811947998984521e-4,0.014308922752705625
24,0.002982043803385084,-0.011442770582874993,-0.0025943136576136168,-0.0029595733290216667,0.005761376006656486,0.0012086391316655065,-0.007652873833293178,-0.0022544762371722277,-0.00472434475802181,0.01563020242193862
25,-0.01151231520617047,-3.857596451850414e-4,-0.016229150491232927,-0.01620916203591048,-0.005741594614590766,0.008476732237247082,-9.493038353775305e-4,-0.012513154468143025,0.0023660141057277036,0.017300799685067588
26,0.01831878247567353,0.026744684389430555,0.012696809084532357,0.022576314699500864,0.00956922484492676,-0.009140010745701395,0.0014782634341323293,-0.029128187860293402,0.014122476980097127,-0.004818033241337856
27,-0.008206002283622933,0.0033806566989190976,-8.495291581188762e-4,-0.009806031464929746,-0.002159199675448552,0.0013253788455327205,0.010313756758290384,-0.0206973648805507,-0.004570067630314652,-0.006380831358479226
28,-0.003705111139800871,-0.027548690294652053,-0.023013057307492646,-0.019302764180776734,-0.036669989107486915,8.167212402501865e-4,-0.013907347308947503,-0.02443882182229163,-0.0011350449161265114,-0.002853644489253803
29,0.007556341338030149,0.018574152025244404,0.015398482384330761,0.028847454846331912,0.023900960145583443,-0.0018925891418853998,-0.005856108970531377,0.014339684668118547,0.0068168621926484865,0.003712951826505193
30,-0.007033042479199626,-0.009958459279773953,0.0032379163833527137,0.006580999537419274,-0.011573452519334476,0.005775782096940198,-0.0031082985655094537,-0.004749971848973711,-0.004242606871665546,-0.007383746196949198
31,0.0042941490640655625,0.01098731221939072,0.0055432071691122005,0.014920258602133144,0.014444375275985931,-0.0018002591806449656,5.295633127992696e-4,0.011165623451468652,-0.011939913003496519,-0.011797150957498372
32,0.01760768396678387,0.009601976160500066,0.01532004384994155,-0.0042476092828135055,0.004189277734257796,-0.001658450817956309,-0.002361662812377065,0.009974950505852367,0.013274371079723866,-5.70126943566568e-4
33,-0.0051423444517160665,-0.017456859223022144,-0.01974755551997372,-0.009113840641399596,-0.010160040164864001,0.0028363139574047493,-0.003371595742577545,-0.0012879880546705388,-0.01402088004832142,0.018275014496762186
34,0.0023010330274287325,0.013592052455542427,0.017708781017915377,-8.855713231392464e-4,-0.007790436891768623,-0.0048888136801162035,-0.00500654927804724,0.010453922271161396,-0.007873351657880162,0.0026578282071731464
35,-0.006529416185028547,-0.003706125890291697,0.00234967355265822,-0.004369531792272566,0.009167252211772224,-0.004144426116146029,-0.004352569175518787,8.449572405154625e-4,0.005620324428912376,-0.005397639512256257
36,0.006624417125557582,0.006634156863809429,0.011755741462773476,0.002275983806702926,0.010543121471070232,0.0013956506935790614,-0.006445030644853341,3.4467267020815153e-4,0.0015176625940056285,-0.013215923291195435
37,9.755450023184909e-4,0.002319776094422885,-0.006052308830012206,0.016444365152201667,0.01476524632905942,-0.00880029493077619,-0.003861032709476241,-0.011713279789860582,-0.0042135135775536806,-0.010981803099181559
38,0.02999536660085598,0.03414872732288284,0.02468465078473679,0.017046838537786678,0.02347855304910123,-0.0024304440750820312,-1.1013655550211343e-4,0.011710624044559286,-0.0029674452409500555,0.020961189835700854
39,0.004011690710724831,-0.013060310867300844,-0.008190701756863745,-5.506997948965145e-4,-0.002303563708527611,9.654586689909168e-4,-0.009251265081689606,0.020919177576129513,-0.00313521357279969,-0.017975239623423095
40,-0.01456413736863146,-0.014786906506431823,-0.032577942551990674,-0.002792557023519684,-0.0051382815162074064,0.003021559158627497,-4.671918619947885e-4,0.011214259408118495,0.011962251683334585,-0.002542731917092169
41,-0.0016614634162399782,0.0012651014036219417,-0.02642514014047247,-0.007599457018877236,-0.0036699922166136805,0.009702977028986684,-0.0028092254203354984,0.02258075138038093,0.0053842411015010486,-0.0016869021887474323
42,0.00453783944138583,0.0052090511465604375,-0.0070381753667578244,0.004892983809075859,0.004779219248893584,-0.003343395318229303,-0.006618690599633612,-0.01553782225205301,-0.012108895960084637,-0.021544217322413683
43,0.007772698400440607,-0.013572232691813478,-0.02310992835896822,0.004215634654218164,-0.003615492264290275,-0.007650548021235238,-2.840062082362955e-4,-0.013713937210510185,-0.0011597167945713548,0.007392475402166554
44,0.01468519782359399,0.004653349646443917,0.030885842468812437,0.006249943267511292,0.014995844343500079,-0.002314768920582555,-0.004795708448102557,-0.007642707621200767,-0.011240370602293638,-0.0018955908504223232
45,-0.005780104787081466,-0.03054020018719005,0.0019357977402425914,-0.02492041581087097,-0.007883323473359587,0.0024043211146806236,0.004717571463833092,5.47246824989116e-4,0.0035995269909726664,7.409134420918175e-4
46,0.01282344469704508,-9.707028956274845e-4,0.015318426788468694,-0.006235730519532549,0.021713626308969773,-0.006534276699240738,-0.004387486076346923,-0.006228378450339658,0.008802205939734851,-0.009429932104787308
47,0.0063189854751275355,0.006296934855451638,0.0066134241551791114,-0.004828830414065219,0.010000308650336853,-0.006949963153874067,-0.007109910033872642,-0.002940332454462135,-0.014322991132162304,-0.0048571894285492235
48,0.010238600542517715,0.017549283647645963,-0.0028892948378317564,0.004112792924546775,0.012636455428209254,0.0019607998378395283,0.004213087321994606,-0.01831664544391624,-0.011206805666442237,-0.008561302348827562
49,0.011172873132043811,-0.012980986270797315,0.004923621090400897,-1.4398701984608326e-4,0.011609366799485203,0.004636302051240225,-0.007917579768199642,-0.006197018687391257,-0.0011788955484265157,-0.0151915395133003
50,0.004474072058227765,-0.012186372575540342,0.015659968502650026,0.004349482452259074,-0.008174076008884786,0.0033866728206794604,0.008012256300939663,0.0034972531798571674,-0.0018875806337623085,2.5288485265011413e-4
51,0.0046336707105611545,0.014780676946189435,0.014343575052181175,0.005737468170103254,0.03296623705370938,-3.3535310424592465e-4,-0.007626953680884782,0.015766746140062148,-0.007893870411192222,-0.0030826357956087566
52,0.004103218836036095,0.008797799443256494,0.017014993757010016,9.514823045822184e-4,-0.011783373998478792,-0.001278022433730367,0.010470759766516383,-0.03508748835979741,-0.0028665789491356393,0.0034143111428510285
53,0.007458566403293723,-0.008822735103022023,0.0036640723503867196,-0.004158762645987109,-0.009644836503689143,0.007279524341730381,-6.267394366937015e-4,0.008215558064645979,0.002143558753962122,0.010759573191415343
54,0.008910896419132891,-0.0028474455526226812,0.010599455792182244,0.002413917209395012,0.01715557061009926,-0.0018258269921782202,0.0016664116823334304,0.004353016063818606,-0.0073993540131839855,0.007961875933296737
55,-0.003408382812291016,0.0065894487769601155,-0.00901543169122563,6.506991619589036e-4,0.005253945773287088,4.239281776594792e-4,-0.001701703220596308,-0.0038383175472307125,-0.00825817386334043,0.0033615730999828216
56,-0.012586108162218524,0.005874084495771763,-0.013706659812912383,-0.0054178159301833395,-0.003721969560319071,0.0015575543490092185,0.005783966102936629,-0.01318709812999512,-0.01728198162836837,-0.027453391341182652
57,-5.120637747851851e-4,-0.005663577892413009,0.0032724870245911222,-0.0020259682863306818,-0.0032381502180443087,0.006637718010037879,0.009197847402505658,0.01677747615876906,-0.009842754503653496,-1.1238138614109582e-4
58,-0.011083960844106995,-0.022122173796097207,-0.008859596113177038,-0.017299779030347587,-0.020750081131908234,0.001860994181452812,-0.0017175661778632105,-0.006868736377583448,-1.6221316230813715e-4,-0.007150356369516505
59,0.01570886896252613,0.010898445926411104,0.018128368301307592,0.02749736645388841,0.026091674540864702,-0.005951627946694345,0.003611124070603543,0.009173480776485806,0.01597061983941382,0.0024951155980510458
60,-0.013833443726969314,0.021807886315173806,-0.01674046071306587,0.010527358964042987,0.0055786805375244225,2.002852047327695e-4,-0.0023895218658273906,0.004349330238497947,-0.014551761345019055,0.010591463319514707
61,-0.004686729180144174,-2.60475786277015e-4,0.0038858770749166773,-0.0023595534058777194,-0.015032972696863366,-0.004828339427394076,-0.0021732097858593548,-8.929932890697261e-4,-2.5229320528796003e-4,-0.004822962293567877
62,-0.01005581469788302,-0.015766490436471273,0.0026354156410101867,-0.00924648772144915,-0.001150372038018006,0.005237160920536679,0.004473812988435559,-0.008822528039329357,5.893869740688553e-4,-0.008898861447154904
63,-0.006884002576139982,0.0012566733085336524,-0.008040470491375061,-0.016945654098210763,-0.025077220609898886,0.001066472360066947,-0.011000855944991117,-0.021256561311429455,0.009556639101863692,1.3291607138950687e-4
64,0.0011973882381965798,0.0034576914061960357,0.007289935726564492,0.009512570606009497,0.015589792471497244,-0.003730246540681432,-0.0055251556604839075,-5.182946558409805e-4,9.748419963271443e-4,-0.012848452964784512
65,-0.009337177613501921,-0.03451373474657005,-0.01640575657039179,-0.017558088302141093,-0.019044089903480155,0.0016034071540351254,-0.006537705797884949,-0.019698316651556053,-0.013593234243463065,-0.017846473657256244
66,-0.0010382872137418022,-0.005616049747005039,-0.009771852409967014,-0.004344134153437974,0.001553268896362109,-9.563681576027503e-4,-0.013081423835137147,-0.0019423634728091151,-0.020499027122714175,0.009725355995141054
67,-0.0016512814818966423,-0.014296970447229496,4.423527175778274e-4,0.001002276325489109,0.0023256355359808217,8.082166806514374e-4,3.7315448889020425e-4,0.00993854197247232,0.00957411104882949,0.0033258668427676025
68,0.004875310830786606,0.01385030750643284,0.025329350566675457,-0.005019161240452151,-0.002950795056299789,-0.0012256811719365429,0.0099448791096731,0.013891224286861464,0.009586279229395126,0.014199693686144753
69,0.007179089472171618,-0.00245888906813733,-0.0032745970015767563,-0.0033746738487516067,-0.0066772331345572025,0.0026969418139872157,0.008775977846002179,0.009652733322913578,0.01654489952374869,0.013607982980564409
70,0.0034202651113257494,0.001012161969941377,-0.003625210519779637,7.15398057775876e-4,0.010708858434112104,-0.0027661700523559964,0.005977514209652375,-0.0012038238203628772,0.00253836770536722,-0.008572444712946955
71,0.0036955128699416987,0.004354648379413948,0.0010381925116455279,0.003883951519984579,-0.005637254722798981,-0.008651986449567457,-0.004760406430909081,1.5601236511684455e-4,-0.013228120226880045,-0.018144373216655376
72,0.01290324747388919,0.005304986859970751,-0.003596197600296963,5.929720232573763e-4,0.0014307135299378496,-0.006070931281118623,-0.005913073021697433,-0.001786786026258516,-0.009110046392510467,0.019825948846670598
73,-0.012807933070652224,-0.014265060288473817,-0.011272216511627653,-0.018196792739898184,-0.008446931368306803,0.007739956971621033,0.008111321430818623,-0.013111102000305224,0.01387005308038083,-0.003946268996906651
74,-0.02122820555583749,-0.0011817129989929562,-0.0109639050199318,-0.003640292759297935,-0.02238138678697458,0.007446493846125133,-0.0016350408074258505,0.026617669898041707,0.020073410333602763,-0.015326195751625695
75,0.0034238183326122285,-0.008814527188478263,0.018111659846848854,-5.001518498464574e-4,-4.264832336399863e-4,0.0019013025859540066,-0.013564956026209636,-0.0010592679632404419,-0.004711293039157688,0.017465779224607056
76,0.0182155916275138,0.02788623905750602,0.02889422063043127,0.014335589931356607,0.01675910439429031,-3.0085155552647214e-6,0.002512553842720269,-0.010749959010112678,-0.014326650982987984,0.006744130373238863
77,0.02550006456562177,0.014464558952999921,0.03701337984271327,0.011213439176257457,0.0165130880920901,-8.205168587843457e-4,1.3459204890981034e-4,0.01329859947183444,-0.0165957203340183,0.013455478126664108
78,-0.017852178250919445,-0.01299014143324224,-0.02545346500445929,-0.023490842974441616,-0.02352332699436256,0.0027521421854328778,-0.008242989676736973,-0.01400139201223091,0.010027286094117115,-3.262581011231424e-4
79,-0.010290794425145171,-0.006031554753341666,-0.004377109783670934,-0.01223533388412738,-0.02016778377287544,0.013710130790951094,0.018995257900410078,-0.0037854836846583652,-0.0014343104168472367,-0.019664238177491657
80,3.647336706190303e-4,-0.0014502106757123523,0.008155952780962667,0.012398490957359577,0.010234381163700845,-0.0016071801417529544,-0.006234430042215406,0.004075434930830209,-0.009836623633852208,0.002739098342796852
81,-0.004679366579270807,-0.0115669647078218,-4.248541432906317e-4,0.0024348608245133795,-0.013998440338388322,-9.301255080231891e-6,-1.1064530824733638e-4,-0.003909024457316753,-2.127086376355067e-4,7.61516376477922e-4
82,0.002423722713466714,0.030231174190426008,0.00845631635221452,0.014613691928273404,0.01430347165349017,9.859686673557321e-4,3.1765278959323815e-4,0.006407552759579349,-0.00113848600907553,0.009395397768974084
83,0.007023826151723909,0.0075416466963071135,0.008423923250440337,0.005730737169451437,-0.003938614804785706,0.0010725759365056993,-1.6655990765092554e-4,-5.635149282931744e-4,-0.015706891260243157,0.0021178317659631485
84,0.006608771240067718,0.005885512766666004,0.018714920669745096,-3.1866632175474215e-4,0.005402516621484452,0.0013861254427461247,0.010953574758032903,0.0015939114636291762,0.002353852077865478,0.007268557792697165
85,0.028494887473277025,0.04138245352804323,0.05310287816740695,0.022329188509090745,0.04160729146088678,-0.010310151366102756,-0.0034198940461201296,0.004644116534697064,0.0059886445735745164,0.003182867862456074
86,-0.01121104567973392,-0.013444958225077512,-0.031062862462277338,-0.011129116423291766,0.006792378184710273,0.0010038882741590118,0.004368107892949462,-0.008942575330015159,0.006836847395117022,-0.009164633740549318
87,-0.010815948744971481,-0.014735752738332226,-0.009753976202348634,-0.00876544127521103,-0.02721339244090107,-0.004288398223033078,0.0018775709593428307,-0.02486156210217023,-0.0013498319253292582,-0.0028611006588223574
88,-0.011033777773386906,-0.020347056542404308,-0.012103438293795211,-0.003824868363040279,-0.020741072010370898,-0.0010845933295413398,-0.009583047817343168,-0.0285517274818335,0.0072157734862902355,-0.010228458169545216
89,-0.008226896523788496,-0.01731066799345869,-0.01921106981806543,-0.0082733379475349,-0.0023295467603891224,0.0010985540102041876,-0.0067532625012630045,0.008638562600716727,0.01086712497747803,-0.01143599548162518
90,-0.0051736015352514785,-0.005672437299498232,-0.005023654169653753,-0.0020121099835425393,0.004923286108211542,0.008137488820064995,0.0037421939599762456,0.0013679335769337104,-0.01602553676297245,0.009704025102558267
91,-0.003910115433592523,-0.008890275912832325,-0.008139085711868244,-0.00548860281967334,0.007729048028354648,6.159051426316975e-4,-0.0084965622646609,0.003564493199466481,-0.010767890278463548,-0.006117161996401441
92,0.0033551033881402564,0.026797194053634996,0.008386569530227178,0.01569299476017923,0.03139858170545868,-0.0037063832107211555,0.004746159673583898,5.093271910933724e-4,0.007212332851219199,-0.0024989587355667186
93,-0.0018766170160134379,0.004133776195949829,-0.0018048522912506393,0.0030336120468951954,0.017306651606282284,-0.005972298362640429,0.00553950797083136,-0.007659573584754585,0.005729837119420543,-0.023641135156619322
94,-0.0014547152543454788,0.001051892762239085,0.009024890156384814,0.0013929062178811705,0.004429763478745374,0.002805497174120277,-0.009636944598930754,-0.012750452746502192,0.008554026903055909,0.002737398774652682
95,-0.009444732994695306,-0.028056472636601656,-0.024932713181171032,-0.012383473848224278,-0.02212258585465636,-0.0014515417840760324,-0.011660648510032286,-0.008024562351915817,-0.004837655692556949,-0.03313474213350429
96,0.0013625198247675676,-0.00897142389590492,-0.00208745636965475,-0.0014728626237376931,0.006031959855626707,-0.0014296400087772919,-0.005136949045634006,-0.0010886020117764142,0.009689363245133614,-0.001710889676141213
97,0.01294337608327648,0.006354256626736468,0.02003403017467197,0.007462610604146319,0.02661857345831889,0.0016085599509693515,0.005453968638704758,-0.003284260211800893,0.01222799019090228,0.0014044767517180743
98,-5.955177377756028e-4,-0.01162499300734513,-0.0021163700596108594,-0.007846237178260261,0.008701793110605477,-0.004592263545461104,-0.0011980653148520233,-0.006066862233680275,0.0041489731752999675,-0.023776888145043248
99,-0.007792533225273486,-0.024355437215159793,-0.028753719548412503,-0.009133205182890186,-0.005793769728091385,0.008266061020384826,-0.00295076470783457,0.007880564687473092,-5.344482315824098e-4,-0.00459079364954731
100,0.006716783259460243,0.010342302867943486,0.006518096485070112,0.009167367425838218,0.012733932321950678,-0.011748816197486892,-0.007337714686503837,0.0069956911625114115,-0.010139556471234854,0.0037530625708044663
101,-0.008479545130609013,0.004373983142195199,-0.005826184513557526,0.0018189630205212531,-5.252231049328348e-5,0.0043495584134032855,0.0041689192183906555,0.006981481523458659,0.009553029751298067,0.012099727242873802
102,-0.0019032589288276644,0.018931801071243207,-0.008964518931085103,0.006842342403097694,0.005221276987531998,0.005718007880610488,-0.003253737187719304,0.013262924921368211,0.012804506148600526,0.005487368981673473
103,-0.002765260848149992,2.954071211836239e-4,0.010373586965531555,-0.0021309443911744414,-0.0016097556434612938,0.003099258537616071,0.007139736481793639,-0.02264912426404339,0.008892417389502489,0.029519888503117694
104,0.0063835497156820124,0.003138708238397996,-0.0023446110765108458,0.0012179935430378145,0.009206394409674606,-5.22942374509832e-4,-7.756893234341488e-4,0.007117796876877992,-0.007265025064362755,-0.016067044309219434
105,-0.008279927566579888,-0.005031357005010944,-0.007139331976837012,-0.021886938399338106,-0.004499077772783714,0.005307427319596232,-0.0011144216773054153,-0.010524951167660071,0.002697896818109528,0.02089381810339065
106,-0.004812272833831323,-0.005837992277969914,-0.009198007902639345,-0.01203427876989019,-0.006586283767012834,-0.0033389301954240397,-0.0028584497861228546,-0.011281527579762212,-0.003919931529198973,8.324250200438779e-4
107,0.0025385141944163823,0.02089107106963127,-0.005436576398002568,0.007181033397256454,0.013752725109926523,-0.0024455485625200436,0.005779491739973678,-0.003973072065811868,0.008157234222811739,-0.008803820603840922
108,0.013550238345006321,-0.0024669197474057078,0.026101312760577547,0.015091613470664126,0.004511905473713741,-0.0011610001220847353,0.007541684166687561,0.007602995585331699,0.002767169461852744,0.0018902253430327673
109,0.006886877863277649,0.006966471768417361,0.01368615045670209,0.010195275705523919,0.011874569106686272,-0.0033852736664223594,-0.001413575516788385,-0.015475623225239068,-0.01763668843966264,3.6182055422755133e-4
110,0.003325762509287592,-0.002401856307647455,-0.015584351182638956,-0.018508883541673828,0.0035461275300744423,0.001159995683645288,0.008992014015225279,-0.010726495844666683,0.011228083055500096,-0.02273380775960012
111,-0.010242992531855984,-0.01681031708502943,-0.0037087427432058277,-0.0018908156953733747,-0.002797427006185382,-0.0018993809996042787,-0.012109031162146136,0.0034421090943905553,0.001577000691085386,-0.009625613421856685
112,0.004054706165050215,0.004318342922448288,0.0016881257660449577,-0.002294220696512788,-0.0063911082222237615,-0.0021022016891991246,0.005894625888176426,-0.008314056705425498,-0.0020334039256621607,0.005902532230141406
113,0.008657150896625285,0.013103118973986343,0.024667505338579657,0.012859106379712945,0.009358935482634003,-0.00677936265793299,0.0036020647602823326,0.004575425569197168,-0.014748845728516452,-0.00349510071039561
114,0.013190729783986058,0.01598284611650013,0.011282921652706704,0.0056797666781994915,0.011782335176133562,-0.0034448126737093967,0.012596209081355786,0.0035463385537694786,0.0046144456279738,-0.014114731569641647
115,-3.62246086240154e-5,-0.0020842311531070264,-0.00292540416966767,-0.008486672324489039,0.011716778956311411,0.001628709848455527,-0.006251052407737042,-0.010322368597108073,-0.0033575447941868023,0.0014096865346011934
116,-0.0056487285373144685,0.004564471106674423,0.0045708683184026225,0.011274101318966123,0.006180122073434724,0.002621383703014974,0.0017764710167393922,-0.009922479452113648,0.0078520415105177,0.005213699714109038
117,0.0011167817076159778,-0.003369449989669884,0.011384415398318203,2.852673731877617e-4,0.0012220794544282518,-0.006933225836996944,0.0016456256399543932,-0.0173574520327239,-0.006088619998864399,-3.713535664677411e-4
118,0.008032723485775752,-0.005046855132978337,0.016311838505376392,0.014007510542680608,-0.0029587860349386584,9.134758633732573e-6,-3.295363001041037e-4,-0.003735457820421994,5.599081655043608e-5,-0.011704638373112822
119,0.00939344988273966,0.01195312635145302,0.028061772122564266,3.729783186576257e-4,0.016272392451720307,-0.007043317031032871,-0.0036414455702179134,0.0070951026100738645,-0.0019234948454888963,0.02432647943452107
120,0.009108128924758983,0.0157991305923174,0.021920181254782806,5.598229876347617e-4,-0.004681905816718903,0.0029110024718021488,0.00876381841639925,0.023092763155816712,0.009986071238346397,-3.0731711516975203e-4
121,-0.007535284608772145,-0.0031964251390112406,0.002899298820362862,-0.011289962769669577,-0.008020737440778736,0.00446434414272051,-0.003480064977194575,2.3555594067947288e-4,0.010666256445230076,0.0029397682577307813
122,-0.0073825025198876616,0.005481757473460579,0.001885621179057575,-0.006395055558243253,0.008349739115397804,0.007321324670681557,8.581309285805938e-4,-0.0021788528522072408,0.0016431707597672628,0.0083282879123669409
123,0.011018864319751517,-0.007515310971782206,0.014986606590189949,0.009087238911567205,0.02330586817752334,-0.002609588515833481,0.0014543858749572669,0.011926367310961274,-0.0097092552121224,0.009044045329067595
124,-0.02315863453785403,-0.001699136582461477,-0.02556054113890633,-0.006891032128481151,-0.01945213071156004,0.0019296307888499076,0.003004892159841671,0.0010776288713262546,0.012622432159548063,7.243630412166302e-4
125,0.01974356832466467,0.029713515527357993,0.036609063624875114,0.020679870386301084,0.040104622126352095,-0.0062182924173023535,0.010843917405297597,0.027831084008347072,2.537991055016327e-4,0.03012094889731587
126,0.011754099895287402,-0.005896798367230961,0.00958608698363652,-0.011532257013083847,0.010325516168426134,-5.056773913569705e-4,-0.006853149158201207,-0.005040973836886965,-0.0038331875385091163,-0.005612330829162783
127,0.01913545688939198,0.03957729426770527,0.014954629041482589,0.029374380240880012,0.03297850667173186,-0.003036605200705892,0.012860112664991246,0.010674231148740335,-4.200603479801254e-5,-0.011302063531759164
128,-0.016485862333800134,-0.014081558459905377,-0.03899177873020273,-0.01603083733732428,-0.017967168266037038,0.0070582237593319426,-0.007344687734815417,-0.016542149694526997,-0.011951044612632425,-0.0225920058257947
129,0.00295692567415637,-0.015819342827034188,-0.0053014514707266916,0.003638733145052239,0.005894907883089767,0.00232584478165566,0.006484268512524841,0.024309419645316202,-0.0022087576634065693,-0.009315562699634416
130,0.006455177374676337,0.02315624776394515,0.014383027333561598,0.021334389875438425,3.589052975419459e-4,-0.0035108372271257173,0.003620454173943759,-0.002157891716918052,-0.011612183806620022,0.00791291647049607
131,-0.0022747118395785777,-0.017224652391820774,-0.003401705373990723,-0.0022440787660671095,-0.0011966513460807669,-0.004618173750292553,-0.008662767947232464,-0.012882808519688527,0.003092447885447946,-0.004323808645521621
132,-0.008524123895379257,-0.006804274653451747,-0.010239660132219632,-0.0018592723317626735,0.002603180781278909,0.007359104412017334,-0.0013862179629991272,-0.017279888001806055,0.013433937770279798,-0.015068119348045913
133,-3.2355217688155043e-4,-0.011067834252557281,-0.004055131807602204,-0.004909315474003094,-0.004028401767759592,-0.001071660508698852,-0.004350977072711899,-0.003706776788473112,0.007575724731578926,0.004159754248532206
134,9.349660701347728e-5,0.010500190763026586,0.027204790255004024,0.009109042623145101,-0.00827947372831015,0.0070627442544510255,-0.007216183967884481,0.0021985922575636875,0.009867654543515845,0.01758588846548901
135,-0.01747602470042498,-0.024524993765740626,-0.026941442195907824,-0.03011603201803391,-0.017648277821744864,0.009619352504573643,6.842046152572955e-4,-0.01758702283220353,3.053146819021289e-4,-0.02011772081471556
136,0.010779778203555692,0.001429191190643186,0.013434044453423033,0.00928463215218748,0.03272094844520768,-0.0015680605560137342,0.0011919656905624756,-0.003898012762568489,-0.0022776533500431183,0.010782130162814988
137,0.013014667368936117,0.003550257422828545,0.021768163649180827,0.006437716100045508,0.01217527426041781,-0.001716577329882406,-0.004108738081518249,-0.010385361827637258,-0.0038502413326532542,0.011677308718027348
138,0.004300762445406709,0.0013012477658708656,0.01454103375645505,0.005752983697183377,0.009289850353390073,0.0016838270277792912,5.217834463080281e-4,-0.01741789517575158,-0.005200242829138423,0.002898382533227756
139,-0.00701583324358413,-0.003709992207139659,-7.384687507939168e-4,-0.014368449119182206,-0.015178474770597092,-0.003629259778849648,-0.0036601740085900557,-0.005812611020800735,-0.00986714215097829,0.00888667222504889
140,0.0068099852858621735,0.001311752229427144,0.0019520930074197183,0.010600450411365349,0.01709612404084961,0.001894396283369648,0.01186810235320699,0.002391547667016976,-1.8064362837348752e-4,0.0024142210372648937
141,-0.006640181562623885,0.005199465645640349,-0.004879436618853041,0.00889731256000222,-0.002765282268371233,4.890675983478309e-5,0.004281592068562085,0.00965009941003001,-0.0021340116572245156,-0.022060437490890157
142,-0.019985935830408866,-0.0062063223947624755,-0.01470508013428606,-0.006609430274493113,-0.007322580832188731,-0.002734352820338985,-0.010117206230876329,-0.02400123523152754,-0.016042759948888683,-0.010845995372890731
143,3.4448707618815337e-4,-0.003803497670722943,-0.0016158791840245894,-0.011046483850688783,0.009119649691477655,0.007170464847138596,0.01095333998849103,-0.009594276465760727,-0.00934910191369389,-0.004749129306050715
144,0.0016238836955426788,0.018361967485985616,0.01177743104464979,0.013751648872878618,-0.001960900649242298,0.004096568707429658,-0.002915523924164546,-6.397192450366123e-4,-5.636135224847813e-4,-0.011168598667212974
145,-0.007662220154161277,-0.010647319598872487,-0.002674637683415361,-0.013319247895734675,-0.013603976372268133,-0.003730249500881872,0.0029838174885108387,-3.239268006590116e-4,0.00879240839534581,-0.01685576874336141
146,9.533638485235949e-5,-0.001144697582251449,-0.012734424193582661,-0.015342995986119445,-0.01563450350490306,-0.006724471794709462,-0.006580793747891063,-0.02231049357783971,-0.01790695570603918,-0.01690005021827359
147,-0.009684516573329294,-0.012021830229198524,-0.005596566613063942,-0.001723358280714052,-0.012899832222688262,0.0012045918818366205,0.002850597371080563,-1.9248534601307675e-4,-0.0011441955582390927,-0.008045299142635387
148,0.008271790961157328,0.005622047638029019,-0.005213553139615578,0.011246787658511814,0.003356202549683855,0.0040297065581877765,-9.87719348252065e-4,0.0030599317664728918,0.0030154925202756067,0.01634636070995853
149,-0.010028035309466473,-0.01291587422743213,-0.01830607807537689,-0.012338570871677529,-0.0024591924190264804,0.006081886437338077,0.0035092097096299448,0.004022068092568149,0.014092313310611358,-0.010553461459706278
150,0.004856242062106375,-0.01533440455181412,0.002950864933472514,-0.019469978884326673,-0.008536804516175247,0.002459951513201348,0.003862113518714269,-0.010886907123509962,0.01597024464900913,-0.004156722781303829
151,0.006252126544273064,-0.011260040984630565,-0.006938304456006474,0.010805858805434372,-0.024014718083389498,-0.0023929492353547636,-0.01309052518260236,-0.008285935064250138,-0.0015939123245195875,-0.023166900098851605
152,0.011027226861565913,0.013521202110505334,0.03249104233853981,0.010595344745677738,0.011869877181611583,-0.0010758407424122582,-0.0029099336430843965,-0.017505961410189848,-0.010078629649471647,0.010191472703738136
153,4.129393309172367e-4,-0.0038435398626353473,0.0026113820150959893,-0.004608879769673934,0.018878847094176344,-6.368965048855114e-4,-0.0038333310341110757,0.012303178797415791,0.0210327416739244,0.0275217831812599
154,-0.013476952537662238,-0.019584633565939622,-0.004973634633321431,-0.028390867104184044,-0.021092754286292724,-0.0012940236955410508,-0.008340722006348006,-0.013051524585620368,-0.015154728737033404,-0.013652840345169575
155,0.0028658977553127794,-0.0035967167457083113,0.013486612339700553,0.010342217553609439,0.009497537642413114,-0.0010766324546862074,-0.007161466774044946,0.0028998847136110445,-9.399607864075327e-4,0.01150554013680776
156,0.0045264039566825,0.004041436456912561,0.009008508264752272,0.008188094473409673,0.011767535212115604,-0.004694242802986539,0.004076917099482541,-0.008816993367300427,0.013306986369699894,-0.0021210949448441816
157,0.019316383090945004,0.010849644495083079,0.026257625790565103,0.008859109017948081,0.0018504623976512132,-7.137798154147252e-4,-2.990986274162152e-4,-0.0015037824552992384,-0.02128738206950397,0.0026839085577844046
158,0.005424895762175677,-0.007142222905218346,0.010313855373257593,0.01053185799584229,0.010736328679194255,-0.004546520287032957,-0.007619604660697503,0.01306692924728203,-0.007095327682309665,-0.012141247386416597
159,0.00832268615984568,-0.006437541433733768,0.010957133537903029,0.008886276253456,0.008895876492273072,0.0026101899552972924,-0.004668100983889572,-0.0013352547808091462,0.013818875296499588,0.003996049398948718
160,0.0025570993271470718,0.011178122848935348,0.015312256065210516,0.0013635581979462748,-0.010167154329539052,-0.005039976193606188,0.0032152134092723558,-0.0172506152793354,-0.025001939946825397,-0.0234432659607096
161,-0.014724181968275829,-0.0012295993541952114,-0.01245028999560355,0.0034485223095964057,0.00768552956587973,-6.828373127407744e-4,-0.0029206267202264934,-0.0016246049464367037,-0.02109843416864647,-0.016998264832952182
162,0.007963938832906272,0.0021411617738423616,0.0028009547963926615,0.013048450709224895,0.014592931201202412,0.006421592421818534,0.0048700089647713005,0.015041363623799334,0.00830560597895995,-0.004105656610279667
163,-0.007483100794530987,-0.013589021448328993,0.012339716781666949,0.007387605080947572,-0.00825056165608048,-0.005842119709643644,-7.866397733751927e-5,-0.004881458562822168,-0.0033380001564552275,0.019577747890597158
164,-8.764514138972636e-4,0.009815872829906282,0.004951194099078718,0.0062199966759210355,1.719024849496959e-4,-0.0041122484615444205,-0.0035156182273394514,0.00251685735080891,0.011253492578114319,0.007178211516203128
165,0.015395250733745043,-0.007683439765586364,0.015975111687072028,-5.883340264339172e-4,-0.009375519877224221,-4.7567120623315273e-4,3.3799560841220604e-4,0.008032862222487863,0.01594769167860025,0.011065152921576775
166,-0.0018644760384291536,0.007131873524039977,0.011188217376872162,-0.005957070541605514,0.011788955675924546,0.003630300350746261,-3.765035481749207e-4,0.005138931629749197,0.007568277243272321,0.015770679929961996
167,-0.016283828060546183,-0.020784919278707605,-0.018104695278359208,-0.02029420952206814,-0.010517442127191474,0.003493842270734388,-0.007360890775154669,-0.018161670701419053,2.5401170535286076e-4,-0.007599145004840923
168,-0.008606089877245463,-0.01664690933484919,-0.02041843226238941,-0.0032402779270597763,-0.014375672831096593,0.006870233786488048,-5.014760254003312e-5,0.015765705590403446,0.01604024647950315,-0.013448396028723433
169,-0.004025188405179317,-0.006994013350511653,9.059627938472459e-4,-0.005210799371535411,-0.025106423387685848,0.004438901624338843,-0.0036084882076935537,-0.016186626233860437,0.01205627272556465,0.007070973737598643
170,0.011224870227856402,0.007824461883131191,0.014010390891289215,0.009526632824708066,-0.0023138418796135717,8.016641197569529e-4,-0.004401612057950594,-0.03028335765732811,-0.008740695986067911,0.010765467039625961
171,-0.0029603567582227866,0.012068373064710366,0.005195605560219526,0.011473321394124342,0.01139874267815841,9.79393474960451e-5,0.005579669416435837,0.012112224241641194,-0.002234718620956807,8.200608050882875e-4
172,-0.0010662293672629296,0.006393420936388813,-0.01403347004370611,-0.020291730456188036,-0.02184289758247958,0.007508718163815007,-9.892983549958136e-4,0.02809698014273576,0.016436764242245862,0.005845454197962013
173,-0.014317664772381118,-0.019231892186406543,-0.005957282300807319,-0.016865189416750963,-0.02542853833473105,0.0025795466425062516,-0.0029430416789864057,0.02096340211993892,0.013073972749139214,0.006436301381201042
174,-0.007509152246047004,-0.011573840030658127,-0.02606560396773727,-0.004134618230782642,-0.014567568902672271,0.0043320355540162146,-2.2647435377783185e-5,-0.03667278878767128,-0.013915211506203675,-0.011247828539871331
175,-0.019155762275799307,-0.026072535375549957,-0.0244127983729079,-0.02458179961126121,-0.01699116470778964,0.009854411838811913,-0.005136580193683323,-0.009822009982526896,-0.005369427754721352,0.0018053395610597028
176,0.008517235888143581,0.015280260304865005,0.029500199196919617,0.006397894604801734,0.008902508967472359,0.0015391585573732922,-0.005596024573293912,0.0074295688230133815,1.8962832715668082e-4,0.0042534427892387955
177,0.016744411188645145,0.014259126371938434,0.03272008577506829,0.01580393468235768,0.019196659186177897,-0.008675586724770552,-0.0016870992510297533,-0.002683251182420095,0.00925683201329409,0.008344433396037102
178,-3.5421886789901974e-4,-0.007940074889233806,-0.018453516607551783,-0.0024233094582267628,-0.018081872850818005,0.003923858705012928,0.0010630339760130465,-0.0060593267893193905,-0.008052723648314455,-0.002332265137207857
179,-1.873783555689737e-4,-0.013401426890230102,-0.005533219887003239,0.004100932106366659,-0.018509171652151355,0.005825780594711703,-0.0034768710750767,0.017836781352660844,0.005957585597972673,-0.004714336936609085
180,0.012352600402473969,0.00899005033909405,0.013201904708301715,0.005903431922712313,0.004873575345346074,-0.0019057483253388419,7.857417262428982e-4,-0.0018437443271743328,0.00908465930734217,-0.014949573156558468
181,-0.008262725456604796,-0.019724914354460332,-0.02288694000781197,-0.009827629114645258,-0.022529143689353257,-0.00288853210440067,-0.002665843966945928,-0.023439541572187257,0.002808537568239553,-0.010502856156232386
182,0.002931787306669762,0.007825480355993958,-6.956313477808249e-4,0.010050180148830029,0.010611237958590505,6.110301007133398e-4,0.001352228186140665,0.021052308311037767,0.005184506487408508,-0.0031859791526947707
183,0.002048728088378783,0.0012132000401769844,0.01612291530238104,-0.006483129858359886,0.0034396351677570664,8.009201906491901e-4,0.005653838212556183,0.011741841256556482,-0.002847503878041431,0.005798256188320865
184,-0.014331907717771278,-0.00976809305292364,-0.0018172089894987681,-0.0016002574134866881,0.0025896373575135185,0.0036966914490476977,-0.016936943279616933,-0.0027892043989227993,-0.009337968541029624,-0.010168227795659901
185,0.0025445477632226134,-0.0013972205329187562,0.022659976598462816,0.009075570282383285,0.014340254142400678,0.005683098438215177,0.006246418944356917,-0.011970414493043048,0.002701232905451337,-7.902547738648424e-4
186,-0.009196221707478199,-0.02369165608098953,-0.01158297005552827,-0.01431867792865622,-0.02268496779787245,0.0052631055296613605,-0.010785616947344177,-0.012341530255303578,-0.00600663428674395,-0.01574922028790524
187,-8.609795728574854e-5,0.015202292218331892,-0.005844978985064454,-0.0021145354790418594,-0.004091010068360074,0.002556411329896899,0.009338849542981033,7.319031156969377e-4,8.994522593659018e-4,0.010916387540407043
188,0.010922672859632837,0.00935203126018877,0.016134580523334795,0.0013411558856522554,0.004546862633302144,0.0026418076168516795,-0.002549469885814624,0.0031154492366389703,-0.011300391854775986,0.0034195627873244354
189,0.0026912342594449306,0.032797127563817106,0.011154960173467668,0.01113417968186464,0.01484406428681696,-0.013408638883698297,-0.001152023014463359,0.009345685478540266,0.005519114422942337,-0.01030756604897446
190,0.010280063444775597,0.01835706357463785,0.0028268724221848247,0.01151325274757037,0.01069654587540865,0.0022824482453439113,-0.0031810637428074683,0.02068687088341946,-0.002084909930613423,0.014384348071958335
191,-0.0010160643394201059,0.006484611579136061,0.0022091570239279545,0.006321938477043352,0.01806300545305614,-0.006147215927075409,0.002961126465734062,9.253413130125124e-4,0.018530553689866777,0.008463030178758595
192,-0.010447078808185706,-0.009269098743853557,-0.01978727202527103,-0.0042356368803832,-0.018712434734529708,0.0010650521749232212,-4.6764793989751465e-4,-0.027120873146363883,0.0017037954529008886,0.0190145736621598
193,-0.004711801789741777,-0.02361040958871969,-0.02491672139447218,-0.007895793541857503,-0.037278399218516715,-0.0014598775047340628,0.003528686463354146,0.00995134684842392,0.014151020572151531,-0.0035026038588118953
194,0.0054585874337743714,0.01557775258351971,0.007898722608561375,0.00752475554104642,0.01585942118529304,-5.577189644420181e-4,0.006075060830889915,-0.00571250019652795,-0.01882650143740715,0.007523573878385374
195,0.005113661722730129,0.006259552921373836,0.0070281259018119815,-1.6333248261037481e-4,0.0038420555337713705,0.0029924091483392178,-1.1251445494524909e-4,0.010859541647326084,-0.003936923422945025,-0.007227151943005855
196,0.022763993524381874,0.02762931160809899,0.025856590272561736,0.025595961737370953,0.03133135224059461,-0.014146601535019274,6.148562499157936e-4,-0.014293280024406493,-0.008964557518605084,0.0049119154492765
197,0.0023264984326872447,0.012090273013750687,-0.005915342205621442,-0.003762967128561233,0.015255384283380632,-0.011618047569856845,-0.0024943954947974603,-0.02415968309010195,-0.01754468328170282,0.0019491928575292802
198,9.030185196725433e-4,0.007437589559434489,0.001337688890223744,0.005538854286173133,-0.00102317351765902,0.007973106384042297,0.004363199659156679,0.008201193771225758,-0.007668931085342716,0.0013671084556654636
199,0.005585401826555476,0.01700069588774886,0.013558877341481784,0.020149635670238045,0.0041942879804328865,-0.003475203099593224,-0.014636488283114448,-0.003764463587839268,-0.022164967213995117,-0.0118579405107556
200,-0.004463153140945003,4.1397702408587874e-5,-0.009009253282760185,-0.01062176300983008,-0.0032944092437809072,-0.0018603875058719583,0.0043853652083350155,0.02739677654488033,-0.004494645778786459,-0.01420116100138873
201,0.007300255368875764,-0.0019961846620833905,0.01389442699026242,0.0017821948783319054,0.0023922837476377055,-0.00675342069080026,0.004656553433961405,-0.007252948714714269,0.0014656102803329578,0.005618071285759917
202,-0.008519769139833612,-0.012996117588175782,-0.022483994722896583,-0.03071753956827871,-0.002990388072196739,0.0028071200319555616,-4.31695712106914e-4,0.005372646713755969,2.143214855497317e-4,0.0019553967212663026
203,0.014128671013624685,0.021099409669510866,0.009063536563202792,0.020422730800087257,0.026508825224013755,-0.011517845233391687,-0.004443733387583766,0.005653737148888996,-5.082519535169148e-5,-0.01819837354709807
204,0.005598074186762754,0.0027347589012854667,0.012110845995800227,-0.0010404934895290293,-7.564716182749524e-4,0.003504776361352254,0.004231992517238312,0.020618328578360448,0.003591952808895726,-0.015469356169434569
205,-0.012877079880519655,-0.021211070803287643,-0.0013952926763612084,-0.02205886388782317,-0.016923387314279212,-0.002727349287126707,-0.0010408775849059186,0.004274837430600327,-0.017540703660140763,-0.019466053976321732
206,0.01304681309156601,0.014228233439609524,0.011766271571157652,-8.786819108736093e-4,0.016205540114653826,-0.007220107173563975,-6.164549477850007e-4,0.004501280797637488,-0.01941838075274102,-0.001991289731600201
207,0.0013355101700606006,0.0029330883263474993,0.001250946211512617,0.00551457525250797,0.027288139468514626,-0.0084001453389206,-0.005633870356957082,0.011263244965573444,-0.024266764050001978,7.973073838770891e-4
208,-0.0028494555512438755,-0.003393106116186414,0.006318862985801808,-0.003915665495234885,8.043247064636271e-4,0.006485282055431305,-0.012085073532737689,0.010266359857494701,-0.0014013541119560723,-0.011926169251855025
209,0.005828427810088486,2.1435428928733832e-4,0.015913397261378397,0.0027201858670974095,0.013322219566460975,-0.0019507767091949558,1.1238762968998163e-4,-0.012017223993929058,-0.0014580382485765023,0.010976630627635002
210,-0.0026637230251605327,0.00802274359945198,-0.002008684558365792,0.0012714361712170621,0.0062395439772945475,-0.005404138178012872,0.007714993640522027,0.009330652004511901,-0.006380749449957447,-6.556868832806072e-4
211,0.01797150104521151,0.033255054503741124,0.018564422438000716,0.01020090920712917,0.02190327019456672,-7.801311160884511e-4,0.012823016560433682,-0.004056549458018342,0.009830064491844284,0.006326338370344195
212,0.011805749546913793,0.022565233256226086,0.004882481531685355,0.011361033632066806,0.007411374398714824,-5.031792875772531e-4,-0.00889492798272724,0.01753186604944788,0.011399736721983857,0.011554587864033143
213,7.990654102554213e-4,0.004058650439156738,0.014703092592039883,7.932036059320698e-4,0.033972027840952886,0.004849011922809461,0.003972184368571345,0.017115687557241393,0.001642769060476644,0.022882941100995504
214,-0.004955952441097874,-0.009025323932163726,-0.02385116540080648,-0.00818980366278589,-0.018318858254584458,-0.0029703138025500755,0.004670108176643167,-0.016221057090338952,0.006546409380866919,-3.5257690207888176e-4
215,-0.005642009196121397,0.007245249945840633,-0.0087283010295529425,-0.010564424709908312,-0.023467734991758343,0.0019095428636899932,-0.004530816888849912,0.013045751517895172,0.005086087350999787,0.011908424944011165
216,-0.019978603550404987,-0.019123394981814156,-0.0335130506132357,-0.025987025588138164,-0.016673950790455496,0.009679382598884354,-4.5541584350003076e-4,0.008941357334353547,-0.0016726974827142545,-0.011441222580127274
217,0.01002409503930765,0.02107964289450542,0.012795123635590546,0.012106826592161085,0.029983850012814423,0.004345958612308555,-0.002930504769073482,-7.90209513491697e-4,-0.0013961942597078517,0.00424664804090736
218,0.001690699650741527,-0.0418077123086827,2.446874154781199e-4,-0.02073738235030151,-0.006886219470595743,0.0013399332864153825,-3.660912179027546e-4,0.0055322657471756674,0.015546277096093727,0.022828862728072042
219,-0.002702024121888856,0.010511971737894596,6.98749620074901e-5,-0.005654222548563242,-0.0038560695171859453,9.933938111839006e-4,-0.002329286107903677,-0.0064785443616827,9.339208565602402e-4,-4.514235453462752e-4
220,0.0056445252475051865,0.004356356208441896,0.008930119892974363,0.01014137263469315,0.0018243544161458858,-0.002704485888033201,0.008444733629954735,0.007214482189733671,5.401876321789425e-4,-0.0029326798788510237
221,0.0039038239080324746,-0.01373922234535732,-0.0064574757145619095,0.010756217956943653,-0.010234577896829541,-6.593878047652438e-4,-0.006494507986571538,0.018616352582478016,-0.004955231538065347,0.001089240083808996
222,0.006199333136697761,-6.223867518898614e-4,0.006864353586113884,0.007207518671355024,0.015081818135316224,0.0024496721366933033,0.003249348383592647,0.012953877233187666,0.024024204808753464,-0.01384552368038763
223,-6.118267818289664e-4,-0.013189833253219811,0.0033138127002191255,-0.007468704076256609,-0.008595218828184507,0.0016871942883454713,0.007239898795629031,0.01155774271677516,0.006372437546473765,-0.0064579893800256844
224,0.004810879136295451,-0.002747668419362609,0.024023804339443327,0.007923637127334168,0.01895640871822263,-0.0022685144821611046,-0.005919730752608067,0.003947684911774867,0.0036952762682500914,0.02713075155512136
225,-0.010176095124463321,-0.0260522516865082,-0.010978104836444815,-0.014897122063899254,-0.004457717935780975,8.419490227070917e-4,-0.007890105033508297,0.006192955630641583,0.002586184170001751,-0.023050898815509896
226,0.0031721366036692616,-0.021652751520119123,3.843073585807449e-4,-0.008878715147653548,-0.01437744344887102,-0.00029652856077051455,-0.0074181113469405525,-0.01446751580634128,-0.012792300225659881,-0.015172056052313851
227,0.011717485093274983,0.002144931577812098,0.024006243815333075,0.005099903691941963,0.007411635679346148,0.0024127836030079105,9.494536576973602e-4,0.012176596390790743,0.003582810019604543,-0.0017585611898680532
228,-0.011117461405581742,6.006443078203536e-4,-0.009699709186171829,-0.01306152777122326,0.008250694679588343,-0.004611572491645174,-0.009265775013177146,-0.016936288935010584,-0.006243537119655462,-0.008675385246617618
229,0.008193536822303544,0.010868663520283938,0.023736865985843774,0.016078461571866657,0.01566488794936594,-0.0034219859599779923,-0.0033876442026713575,0.005619937452790371,0.0033039592276709845,0.0015784652723760024
230,-0.007113916111803344,-0.004571978240723816,-0.023241053134476733,-0.005703506807357135,-9.269285919832793e-4,-0.0022812553007933016,-0.004445995783972689,-0.016340068437079493,-0.004130703398766202,-0.015878800771636482
231,0.005839699385178779,0.00962248554470742,0.00980361506413865,-0.0037734391505027547,0.010304007043548799,-0.002839970111497451,-0.00976298051571097,-0.011933308569861908,-0.008092816334392565,0.012760397162433237
232,0.005253243748873054,0.008337005380632721,0.010001214816719787,0.005030612344257648,0.017138271471961057,0.004790199889633974,0.005637918811092469,0.009227262317384953,-0.014286541314182475,0.021568115966287514
233,0.0019337344741848853,0.004735562066185227,-2.8342754985782604e-4,0.013158607765288958,0.008727391700648507,-0.00797714453177244,0.015931617245454735,0.0032027699330083067,-0.004462454658419174,-0.01688477652102331
234,-0.009314192203317292,0.005232987892492036,-0.011638202971950668,0.0012818782515480272,-0.008992212465253278,9.982960421048266e-4,0.0029556012940150866,6.32337307010687e-4,0.004741107597643122,-0.013396969867798508
235,-0.01597711464223297,-0.026961959835907132,-0.019477062773909672,-0.015737756335558857,-0.030533154170769284,-0.007369101456290617,-0.0026858543624976856,-0.021514570336965844,4.5435442663353755e-4,-0.017194035434868474
236,0.010950856079286702,0.028545269011812896,0.03102267407004968,0.020012701198033393,-0.0023905778432418865,-0.0052554276690863115,0.02417916361953186,-0.017296421774509654,-0.0051890853148491975,-0.005778723042644006
237,0.016426869725588163,0.02190271072158629,0.024433812526248534,0.01637481406159329,0.024305489736761103,-0.006732007377835053,-0.0017170362560648485,0.01809047357802736,0.0012006791416364975,0.006377274825524775
238,0.019464126195802033,-0.0024490898347926723,0.018259584651437323,-0.001853524085032876,0.005937814862141762,-0.0016736913266566958,0.0018122833021895473,0.014822372176074758,-0.0012468832350471199,-0.003720824933175578
239,0.010916662974218665,0.008735872183529008,0.03249749380001805,0.021228487692442736,0.02444797361389501,-0.006099857405519104,-0.006849957964641533,-9.209854229322295e-5,-0.005947675424515085,0.0019555525859022873
240,0.012388197884789284,0.03526955115029879,0.042776628232275134,0.016267196442031482,0.029446652869860826,-0.0015872905604647227,0.007826611455222955,0.0011574881887027868,-0.0013079261807514724,0.01025389789980991
241,-0.0018119670051590083,-8.341239435086483e-4,-0.00900533602097868,0.007283027845191886,-0.021536130723525268,-0.0014370941513985745,-0.01001718531421561,-0.006595216076417608,0.011616771057388002,-0.0114337508363568
242,0.014004036030045703,0.02921047504624366,0.004978388864770212,0.011290454588508296,0.00895196478168347,0.002669621775126591,0.003428945011792356,-5.855149943720256e-4,0.0036442695973054624,0.013076391602587568
243,0.011748050526218835,0.03409214427566191,0.027668514116521617,0.013184940143069184,0.023127545578868633,-0.01621437451399382,-0.008519129278826301,-0.026625203848665648,0.003736471253362484,-0.011597515713159746
244,0.004778416368485012,-0.0036393112705076186,-0.012851878074878066,-0.004045047569196714,-0.01122399989802113,0.00704947475155405,0.006922565101881974,0.005179220451981586,0.007266959029712501,0.026142315259290356
245,0.0014543168999142841,7.928946093551317e-4,0.0012572130036252083,-0.010021494154863546,0.004224553041825718,-0.0015263189033434264,0.0030981838102837767,-0.012274964149633657,-0.007605181121398857,-0.007492136806535485
246,0.018561112888482487,0.021932178063328676,0.017252049596581914,0.0018320278375661488,0.030588169348306913,-0.008500460109219567,-0.010990629307060594,0.01999549761809797,-0.018144640165347975,-0.020127312740915303
247,0.008372167154045361,0.014894529979814915,0.015088976675970782,0.006922893684898126,-0.007326578984458248,0.003585406595739469,-0.002013687943075764,0.006275309642612147,-0.00856748717242108,0.005636826835066436
248,0.013068517462149773,0.006789155924214003,0.01779910532944581,0.012038454912239802,0.021583082351435166,0.007652782081822244,0.002126762931248706,0.025950661990627417,-0.008303363836374467,0.02605685699139828
249,-0.0021582682676540934,-0.0013405688974064377,0.021474453516575207,3.7446640938080145e-4,0.0037978450708426917,-0.00849288842823134,-0.005886592953137443,0.0020524879776281577,-0.003002107697148032,0.012892435341852436
250,-0.0049755323102728954,-0.00550419356732349,-0.002843681074357246,-0.0021185457077118543,0.00699452148276431,0.001594601001789637,-2.44611698291538e-4,-0.013137319312261947,-0.004039779081732439,0.010169149335386636
